[
    {
        "w": [
            253,
            253,
            253
        ],
        "r": [
            128,
            156,
            255
        ],
        "b": [
            234,
            129,
            3
        ],
        "o": [
            46,
            46,
            47
        ],
        "g": [
            144,
            196,
            5
        ],
        "y": [
            105,
            193,
            255
        ]
    },
    {
        "w": [
            239,
            239,
            239
        ],
        "r": [
            110,
            136,
            255
        ],
        "b": [
            205,
            107,
            0
        ],
        "o": [
            54,
            53,
            54
        ],
        "g": [
            128,
            170,
            0
        ],
        "y": [
            99,
            180,
            247
        ]
    },
    {
        "w": [
            207,
            235,
            247
        ],
        "r": [
            80,
            123,
            255
        ],
        "b": [
            121,
            70,
            36
        ],
        "o": [
            39,
            36,
            49
        ],
        "g": [
            50,
            116,
            35
        ],
        "y": [
            67,
            162,
            255
        ]
    },
    {
        "w": [
            236,
            236,
            240
        ],
        "r": [
            100,
            125,
            251
        ],
        "b": [
            184,
            95,
            10
        ],
        "o": [
            58,
            57,
            62
        ],
        "g": [
            108,
            164,
            25
        ],
        "y": [
            97,
            174,
            238
        ]
    },
    {
        "w": [
            193,
            223,
            247
        ],
        "r": [
            73,
            115,
            255
        ],
        "b": [
            114,
            65,
            33
        ],
        "o": [
            35,
            32,
            47
        ],
        "g": [
            57,
            131,
            64
        ],
        "y": [
            52,
            155,
            251
        ]
    }
]