r,g,o,o,w,o,r,g,g,y,g,o,r,b,r,w,g,y,o,r,b,o,g,y,o,r,r,w,o,w
g,b,r,b,r,o,r,b,w,y,w,w,y,r,b,w,o,b,o,g,y,o,y,b,g,b,y,g,w,w
w,o,w,y,y,w,o,o,g,b,y,r,r,w,w,o,o,b,b,r,y,b,b,g,o,w,b,g,y,r
r,b,y,g,r,y,w,w,g,o,o,o,b,b,b,r,r,r,g,g,g,w,w,w,y,y,y,w,y,w
g,g,o,y,o,o,r,r,b,o,o,o,b,b,b,r,r,r,g,g,g,w,w,w,y,y,y,y,w,y
w,w,o,y,y,b,r,r,b,o,o,o,b,b,b,r,r,r,g,g,g,w,w,w,y,y,y,w,y,w
g,b,g,y,w,y,b,g,b,o,r,o,r,o,r,g,g,b,r,o,r,r,w,b,r,y,g,b,w,g
b,g,b,w,y,w,g,b,g,r,o,r,o,r,o,y,w,b,y,b,w,r,y,w,y,g,g,o,r,b
g,b,g,y,w,y,b,g,b,o,r,o,r,o,r,b,b,y,y,g,o,w,r,y,w,r,w,w,g,o
g,r,o,w,b,r,y,r,y,g,o,r,r,w,o,y,r,w,r,o,g,o,y,y,w,o,g,b,y,w
b,o,o,g,b,r,o,w,o,y,g,o,w,y,g,w,o,g,r,b,y,r,w,w,y,g,b,o,y,g
y,o,o,o,b,r,o,b,y,b,b,w,b,y,g,b,r,o,b,r,o,o,g,w,r,b,o,b,b,r
g,o,y,g,g,y,o,o,y,r,b,o,w,r,b,r,g,g,g,b,w,w,w,g,r,g,o,o,r,b
g,o,w,b,r,w,w,w,g,w,g,b,o,y,o,y,b,y,b,o,r,y,r,g,r,g,y,b,y,o
y,w,w,r,r,b,w,r,b,o,w,y,b,r,r,b,y,o,g,o,y,r,g,y,g,w,y,w,o,g
b,w,y,o,b,y,r,y,y,r,g,w,y,b,o,w,g,r,o,o,r,b,w,r,g,r,o,g,r,g
o,b,o,b,w,g,y,o,r,g,r,w,r,r,b,y,w,y,g,o,b,y,y,r,o,b,b,g,g,y
b,w,o,w,r,b,w,y,g,r,b,g,b,o,y,y,w,w,y,g,g,b,o,w,o,w,r,b,w,w
o,b,b,w,r,b,g,o,w,y,b,r,r,g,o,w,w,y,w,b,w,b,b,y,y,o,w,g,r,y
g,g,g,w,o,y,y,b,r,b,r,w,o,w,o,o,y,r,w,o,g,g,y,o,y,r,g,w,w,w
g,y,r,y,g,o,g,w,b,g,y,o,r,r,w,b,b,y,w,y,b,r,y,r,o,b,r,b,w,g
g,r,y,o,r,o,w,b,w,y,o,r,o,r,o,r,g,y,y,r,r,g,o,y,b,y,g,o,o,o
o,b,r,b,g,g,y,g,o,b,y,w,r,b,o,b,w,y,w,o,g,y,r,b,g,b,g,w,o,w
r,o,o,g,y,b,g,g,b,w,g,w,g,w,b,g,y,b,b,w,o,o,r,r,y,b,w,o,w,g
b,g,y,y,o,r,w,y,b,g,r,r,w,g,r,g,o,y,w,w,y,r,y,b,g,b,o,w,o,r
r,g,b,o,r,y,r,y,w,b,w,b,r,y,o,y,w,w,w,o,r,b,y,g,y,r,r,r,b,g
o,g,b,w,o,w,g,y,r,r,r,y,y,b,w,b,o,b,b,b,y,y,w,w,r,y,o,o,r,w
o,g,g,y,g,w,r,g,y,g,r,w,y,w,g,b,g,r,r,y,g,b,b,g,r,y,w,o,r,b
b,g,g,g,y,w,b,o,r,r,w,y,r,r,y,w,g,o,b,b,b,y,w,w,w,r,w,w,y,y
r,o,g,w,y,o,w,b,b,o,o,r,b,w,o,o,o,g,y,o,b,g,o,g,b,b,y,b,o,o